Unnamed: 0,amount,amount_usd,coincode,n-transactions,pool_usd,price,transactionHash,transactionInstant,volume
0x73f67ae7f934ff15beabf55a28c2da1eeb9b56ec,84.44875495300451,81.3949904865449,NFT11 (NFT11),12,465.3481513227853,0.9211844801902772,0x1b02b012c6d5e6532b831c80008af07e10f1912b3cdc8e066985568a7f926447,2021-11-02 22:11:11,5959.798395313322
0x727b531038198e27a1a4d0fd83e1693c1da94892,20829.769407090545,5802.490704349989,Block Farm C... (BFC),654,8917.974916464245,0.083714286806057,0x333efb75e837eb736c3a3f01c555a84d03620eb5163ee9a4e1d6364d6b9520ac,2021-11-09 17:20:22,451095.0665145035
0x5909f6b85bafe0aa9b6226823e9d182d6193aab0,40000000.0,23.75261101406068,'Need2Feed' (Need2F...),1,362.74729325539664,5.938152753515169e-07,0x097e029df2f7968abaaee22f719619f6859b18ebfd5a434d300c8b80d4c73856,2021-11-02 18:24:21,182.09683227539065
0x708275bdc0d5ffdf686d000ea1743bed46c94d46,1000000.0,453.6328786018507,Smart Akita (SAK),1,1.3092127982857642,0.0004536328786018,0x91a5b240811e552cb8154b4cb892e8f5b40d5776b5737bcad1059dcdcd6c3331,2021-11-02 18:24:33,136.21586695313457
0xd01adc16ce42d678800b3fe67e1f053433d8e9f7,551531.0,2751.618741948624,SMG (SMG),66,69.14908283182886,0.0049890554510056,0xc51016219d008ac4936ecb8dba912d65ea5a5252045673df74681dba03187a44,2021-11-02 22:22:00,2.482093095779419
0x6ec5f7ce5aba2836c365f49e9ef8950ed83abc11,36540000.0,0.9710892972908888,Hezo Inu (HEZO),2,7.18061169539692,2.65760617758864e-08,0xe22fce48ddcc6f8186cd7708cc653e51510136e3407d92b0ac0c387f0345b7fb,2021-11-02 18:24:46,6397.702220410109
0xf6a8291c34b3cce997144e276f3c975b862d7873,3552.1379056956903,185.61257506113213,xMDX (xMDX),5,3308.676867730778,0.0519128380858896,0xd9fe120d82bce12ada524a1d8564e4a5b2d2d4ae934497b2c05fbd44ecd45e72,2021-11-02 21:56:07,320124.8447066545
0x0fc812b96de7e910878039121938f6d5471b73dc,241905.0666619817,129.6589170242222,Tarality (TARAL),2,2745.860173017211,0.0005404813447967,0xfffde1cf2afa458b8e17919793a5f05de1d4168f04df057a43808b07a635fbe6,2021-11-02 20:56:25,37952.55663756211
0x5493c36a1778051e2a79ce6c2e1a471f9812cd44,100.0,38.87758404016496,KillSwitch-P... (kREI),2,203.7192044363969,0.3887758404016495,0x9850743ddf1d5b1e89de686096f8397dc145fedc78eff126769ca18b1d568cbe,2021-11-02 18:34:07,6849.729189574719
0xf94d173395b1fe3a351557484dc551e38a83c60b,50429.989863563926,55.41461495127668,Pho Coin (PC),1,634.7303765980927,0.0010988424764946,0xef89d1052426228daa9a96ae89c67d126319695a7341249fd5ffef83f9b93483,2021-11-02 18:28:37,3885.279431283474
0x6fabfe7946b23da23ad51dc45167cc2cfd0ce70e,3613422.171032129,8.820644888879654,bscGAS (bscGAS),1,3329.882623444441,2.4410778678429783e-06,0xbc9bf64c01444c50889fac74ebfdc753d21500f628ec4809a641885164855c5e,2021-11-02 18:28:43,1805.0307479426267
0xb46a7c76a647fc049859a942af4fb433812df388,1896.2330000000009,334.00076830766545,WeChat$ (wechat),12,8.653980211635053,0.1761390969926509,0x3b891ac7d59d02b252d7cc3998b312b0a57b2120d4bf1393214529df0da9e043,2021-11-02 22:24:45,279.14508509635925
0x0b33542240d6fa323c796749f6d6869fdb7f13ca,1191138375.113004,1354.447187339485,Ethereum Met... (ETHM),31,3295.3051153522497,1.2270924115394476e-07,0x235a1214f2074015716cfb24ba8ac635f734dbd473a180c8913e616ea5c1fa00,2021-11-09 13:54:37,212540.60008044585
0x7f617ef23dc8558e92db6c174e52b29cd1250a2a,2583.741666666667,29.940666650718548,Crypto World... (CWIG),5,16.304721881865376,0.0059279041853223,0xc353474e7e6c242bf8a4e44741a30cdefa4f34b607695d9faa44ab291b7b1aac,2021-11-09 14:00:12,40.366183638572686
0x5bfe81fcb3708c8fc733bef60d313cafce1febeb,20755.6821936152,2856.443108928029,Goose Dollar (GUSD),2,2190.628457680725,0.1376222223043441,0x8ad37787177c7d15477653b0663b366e8f78af3e61583197548add10f03f7a7d,2021-11-02 18:34:34,162.30532217025757
0x888ae377072659b0de8b450491e3d166024f9b62,245132381865.0,49.78547564098767,Mech Master (MECH),3,4490.722422242675,2.0309628316835623e-10,0x9aecc7c850087253e248f125aa8c3af0661744d2ec5c0f0cf2a2c15ef61ca2df,2021-11-02 19:50:02,31.236669778823853
0xc8a87a02053dd61ff24179668e5a7d5ec72ff4d1,629831.7810802637,111.22375912954207,Binamon Gene... (BGPWR),33,9013.912426915933,1.3086589988133958e-05,0x1d4d442dd683af932089052c0ef6ddadf277e5981d7f2373091b4be375c1eaed,2021-11-09 14:10:34,19919.67701525608
0xccbf1c9e8b4f2cdf3bfba1098b8f56f97d219d53,89958.5245256924,1177.079569347105,ccCLO (ccCLO),7,1742.9111398149987,0.0122710552066564,0x38e50937abd8d8dce246ffbf76e63a8e8f01abea5ab6e144f4c52c7ed6e887d5,2021-11-02 22:11:56,11859.362754126909
0x07ee4a4103a74749c989ac3436aa6a7243f4af29,107.6812920947178,19.9765520296393,POCOX Token (POCOX),2,434.2046068015018,0.1855155305163656,0xd1369d6ea8f5877c2fd497777080ded652605f0a04d3ea2b992178d5e1d2ecba,2021-11-02 20:18:00,2435.4793667644267
0x442d5e02276954ca61f272635cdad07dd7992120,505050.0,42.05629748139472,Belt.fi reme... (r4BELT),1,489.35033602265474,8.327155228471383e-05,0x856cac9bcb8851f7fde956b01b2432f639fd2152b7c0aa96c722daf14071f3d0,2021-11-02 18:41:13,18.60437159985304
0xf09a100c32d780f0a48754e43533f9fb374e85f9,62821385598.34865,55.49240660941842,Shiba Inu (SHIB),7,674.5771695821469,1.0125426478660487e-09,0xfb0905958a06d5a01cd6a23aa81cd3a4c7d9b0a3f8712544914e132c7588f0ad,2021-11-02 22:13:45,14439.10386876238
0x09f956f1e0c28f0b436663d44e0830b7853203d4,2333333320.0,0.000569655154315,SHIBA KILLER (SHIBK),16,5.039341393830121,2.441379246729538e-13,0x57fd8a21ca29577b8be4ffbd065bfe2c8d933a452cbb2773b00e935959732c9e,2021-11-02 21:59:34,49.714234351180494
0x03a2a7e95ece3112b8d33f9bcc21f0c9ba843e35,107.298,9.960460455741227,HUWA (HUWA),2,748.4429974644465,0.0928310677409172,0x60a9e1baf8bf2f66336a95c873f56b73e2541557ff2c7420eec1133542913e17,2021-11-09 13:45:16,244.80870111472905
0xb21225f833f2fb1be7d88ee5347aae001f5b5db1,24817196.90111472,48.19624535823248,SPAY (SPAY),5,3768.450215510336,1.942050327048325e-06,0x753abd7fce67db0b6edeee141acbec3a752b97a812049acda2319fe207ff0fc6,2021-11-02 20:12:34,98702.54036158066
0x9f9cb939d0dd804a940aa24cdc74ce642177d3e4,13570817615.173306,1.316297406667953,crocodile co... (CROCOD...),1,173.18257062656426,9.699470171909339e-11,0xbb85d91557ea4ec3300e14b1a4029a194ccf7fcb81253451d9d6854f8cc12bf7,2021-11-02 18:51:59,2.1002397537231445
0xce393c06594a5d91210fd4f157cd8f6d86006d57,300275175963751.25,5996.711101254668,Aqua Pig (AquaPi...),28,5780.979265822535,1.5149128834675342e-11,0x38262f0147647d7a41e7d8cd5eb9fb37df49adf73bd39ef710c29e369af99e0d,2021-11-09 17:20:04,272863.91071624524
0xa1fd12820f0c1c492dd87f8a0d12043d8f24f8a6,500.0,0.0125985209020717,EUSD (EUSD),1,1585.0054974289635,2.51970418041434e-05,0x7a22286491e4ce86f165db543707789d293526adaa32c38d5462b9d48e34e1e2,2021-11-02 18:54:05,48.90382063388825
0x73f5a4808456f4927ee13cbe76b2b726136ce962,14908.31832971309,50.53507148491256,Vaporbit (VPR),6,3546.1142857302534,0.0035411238204687,0x4a5d558046511ca78e3f97b890bb2d61687048a639e7a2f389b8fbbccac4e9a6,2021-11-02 22:13:30,41533.95775562525
0xc72f61de2ebce1e5ca9993314d53fa59f12e8638,21021800.0,6.866021052928772,Binance Comp... (BNBCOM),1,5.499410667955182,3.266143266955624e-07,0xcc09863d86f4f29997186bc2d0111ae3a8d2c152d00af79051fb3b01b47faae5,2021-11-02 18:58:51,3.97057580947876
0xd05c30468fdd97391e18f47cfe48ce36d5543879,200000000.0,0.1876402717466285,BabyDragon (BabyDr...),1,5280.76642768074,9.382013587331423e-10,0xcca6111ec5031dd2e4b1e071519fdf44cc66fdd222cf2431217e27123cc49b49,2021-11-02 18:59:42,69.44808672368525
0xa39983434b48adac9013172008c33201e426351f,2305975.6385179795,2703.9678613846504,Mines of Dal... (DAR),9,2384.544356883588,0.0012400914724379,0x862b801f47294bbdea24c11d4ebcc7efb8e453c7a7934bea7eb2aaf37a477b35,2021-11-02 22:02:41,24503.97361274368
0x194336f22cbc6ad16e2d0be59390759871caedf9,1136.2667341867018,14.080797473484232,Wrapped Celo (wCELO),1,28.29764972612168,0.0123921585045458,0x17fded35b08ab3c9d9a48d7c00602773dea2b19e465864431b313ce8bf932ce5,2021-11-02 19:02:49,37.39167439937592
0x72b587c50a3899dce4b25a95b2994c417830c603,665.9002500539007,278.657624921524,Iron Key (IronKe...),4,474.5089182557679,0.6839039830183793,0xc0cb7bca9097e877f5e785894cfd4d6dc4b8f0d8b3d7bc6a3252166c6dcff776,2021-11-09 13:50:04,91946.01595759392
0xd7f7827507c49235a2a6c13ce07bac75ab183ea8,371.7322801114976,0.3018366197134726,Vulcan Token (VULCAN),2,382.61687908971,0.0008119731211476,0xec7d7c04cf233e3e290050e118b32e6c28edd6489be6c8f3f674a3f5a4bb620a,2021-11-02 19:05:32,8.310256779193878
0xc1e667cf9315fb80674e5cf62ad150ac90fe7112,1e+16,7.661685039959019e-15,TIKTOK COIN (TIKTOK),2,155.92924746192205,7.661685039959019e-31,0x4638c7fdb3b5385e020e4b7090a1d07f0bb925e44ee932aa5499a5968f5f971e,2021-11-02 19:07:20,139.299017514922
0x46cbe14f4ab4c665e084a0a868c49098f0ce7704,1075000.0,11.614506176276588,The Great Wa... (WAVE),3,1012.784591362986,1.0804191791885198e-05,0x777eaab3f44451f17ea4688dfa71281255d2e40976eddbf4513e41f7deafe737,2021-11-02 21:08:26,534.6014384627342
0xd3abd3fdc3463f3a82c80adc581da2432e42c215,2915158206.1955585,27.094142459940915,Golden Shiba... (GOLDEN...),10,34.4515879623014,5.9668306412200655e-09,0x11b93ca8138949d8bf4db688d3fd75471fe6e366ac58aeada808931e1d35e315,2021-11-09 14:12:04,362.1664109528065
0x96f31e1b1798bd3cbc3908c3a75dc5e77268a6f9,2000001.0,10.624412280621527,Internet Com... (ICP),1,4087.725272639577,5.3122034842090216e-06,0xa7f09cb370ca2674df3677f580cbd3c9e37c817c62ad5e0cbfe1588a1148bd23,2021-11-02 19:10:51,107.27511951327324
0xa7e1e5019088c7b452c9e8bd6c3e0fa7a95478a8,500.0,0.222153660067412,Crocodile Co... (CRDL),1,171.4487030981366,0.0004443073201348,0xb6f8d466681256250873de2de70fca99e1a54d5d1826514195300303f0a57700,2021-11-02 19:12:12,10.05239200592041
0x8869eac0d82245a2df50a0fad770d72ce63649d1,5000000.0,7.071423056004278,Doggy Swap (DOGS),1,4507.971470389137,1.4142846112008556e-06,0xe416e95cd819a2be1bdeddaa0cf8377626596e9ff162e4b9f7aa6abbdeb0d94e,2021-11-02 19:12:45,2615.168273153191
0x3b79a28264fc52c7b4cea90558aa0b162f7faf57,155.06165574490643,3.1633156254625443,Public Index... (PIN),1,3325.446027974296,0.0204003730662243,0x4cfbeecd6860e2d4fe09afde64afe1791b5a2ca0132eaabb5faddf2fa2589740,2021-11-02 19:13:42,20.96790313720703
0x690acfdc39228fabb6c58a0a215d5ae9ce4ee675,506734.5917359631,26.28609415230261,The Sandbox (SAND),1,2055.4656049066407,5.187349468733155e-05,0x659ca7b2c82cf4a976b9cf4c41afed6852cc02034e269974743fa8806c8804c3,2021-11-02 19:14:39,18116.26819431596
0xf7ad5b7d0e408daab2f5689103ca84d1a416ceba,1000000.0,0.0783689378386784,Baby Shiba T... (BabySh...),1,5.164798022846392,7.83689378386784e-08,0xdc81004852ee8aece357c948c9f8050fc6c66dcd9f5846c7e58e5f5b4be62c6f,2021-11-02 19:16:03,1109.2086449884594
0x7c7333fe5b32f6057c795dc3d5265004c4adae9a,3870.02245989,159.90947511626808,SML Token (SML),3,9889.399929997206,0.0306324157359038,0xe80add0ea468e89aa8423f0feea83f0a16bd8d7208f1a73a130fad37576e51be,2021-11-09 14:05:01,3468.160228729248
0x71f2ee1096f937b96bb85f6656f852667b0c7a32,180.0,5.037423223257067,WICKED FINAN... (WICKED),2,101.21621224592846,0.0279856845736503,0x98729249d6624d1e268dc39b135579695f0bc945bcb7fa008edf8dbdace808c1,2021-11-02 19:16:51,104.98967361450195
0xde009cb3371825bafb80a01004c58f8166ee13d5,1.3176e+17,0.0099623103777061,LittleUglyDu... (LUD),1,8176.484134830239,7.560952017081183e-20,0x4478a5ecfad8ea388d8e0362abc0b67448f7680f768861f11626ea287883ea40,2021-11-02 19:18:36,262.4084266120409
0xf40c1f421ee02a550afdd8712ef34dce97eec6f2,1117055777.19,0.1676324202496694,wDogecoin (wDOGE),1,2496.994708434928,1.5006629361996202e-10,0x5af401b8231fc9f09b30e8d11c887456223914cf3a8dc5f95674e4611dda9a96,2021-11-02 19:22:42,756.0945458977769
0xe29ac6ea53dea5211155f9d7c8c41beee852efa0,203456.49812154387,186.4044496145863,Polylastic (POLX),1,538.1960539437587,0.000916188233532,0x879c7a8b690c81e624ee166f08e140537c97973e2ccaf670cf14357e555118eb,2021-11-02 19:23:48,594.8758406639099
0x4b1c1a662448b7da07b249e4f276bb2d2600d7ba,47087040000.0,111.56335945045728,Jetoken IOU (JETNIO...),3,6.2115031075664175,2.369300755589165e-09,0xf0e671b374df6e2a2a91db200d0859646b8aa6db9834ae3e1d65a0e0edeb1246,2021-11-02 20:45:28,109599.89271008223
0xf071af4da0d1c4f9bfd624c2c5eced7c5fe52573,239996.38402223305,837.1992131309801,Infinity Gam... (IGN),8,6737.849944842544,0.0033616041223143,0x230ebc43d87fe2603a1e65e1f1428e0374b1977d635d0737b778aa17b2f74659,2021-11-02 22:21:03,24972.836236021183
0x030708208dc29b1688b212081f31cdb59097a67d,135816.35797624866,287.777033639411,Koban (KBN),2,9186.283627837314,0.0021188687277988,0x6b2024cf7bbe15ea026b1c2ceef439f5303721398cb97558ddd8a1fea162f559,2021-11-02 19:32:03,2552.3777616024013
0x38fab266089aaf3bc2f11b791213840ea3d587c7,1334.3244839642546,274.7093742999099,Aquachain To... (AQUA),1,1594.1902675382285,0.2058789879083633,0x823aa4627e31a96d22c4fd0678e5996ad70d7b2f721289d4fa31bb05d9c9f87e,2021-11-02 19:33:21,1188.4414672851562
0x10e24a15bb2b49f6211401af82f0f3ebed05bf71,32477213.66799677,329.8200393368312,CHEF CAKE (CHEFCA...),8,9614.43513761784,1.0309175013389905e-05,0x0df585f24aaba3b4fd49e2cf20155d1e0422cd0513cebee5034a81b3610d4d7f,2021-11-09 14:07:31,37045.98847316951
0xedd822b00c48d8a1c416ee17507befc2ad71d8c4,418944182.7203944,184.3107452950467,My Shiba Inu (Shiba),16,1199.7275723132443,4.376705486492061e-07,0x2f6d13fc1ed1319bd0bd26c91050e3c2e90c06fbe9f3b673ddd7acf031ee9f17,2021-11-02 22:24:12,13694.395096264958
0x23481f4d3ac4642d2f45d014a514b45b0338b927,10000000.0,2.8597255314656573e-08,Ulink Financ... (ULK),1,44.36432553073666,2.859725531465657e-15,0xcfd5dfac7980e82c825b931446345491209599762512cb78cfdd4958b5f976a0,2021-11-02 19:36:18,36.972914129495614
0x3950776492f1fc713676b7aedf8efa605a750cfb,1.7636661e+16,0.6327532931214164,Hare Token (HARE),2,8.547962129500037,3.587715912447466e-17,0x57e6e76d2f9c547530d26262c2366e9cc24bd9fa20d7449a8b3e8f04d8d14a87,2021-11-02 19:49:13,2829.3505488264623
0x3b1b01441f8ae64d7d72c1e8a4a8646831fda0c2,4418.772563176895,9.495294367094331,PhaserBSC (PHX),1,6829.340062878862,0.0021488533820956,0x6293ceffb8bd2825ca7710efeb28e9f0c747ce30f5d8c15e985933510aaaaf75,2021-11-02 19:38:09,12.912036895751951
0xb47342573aacf07e42a2df9a922a480f80c1ae69,46531.72227050156,64.61382178851593,Zinari Gover... (Zinax),5,1845.9745900603048,0.0013885972544256,0x56d048a5a0656547ef14ccf9cc2049827214ff698659dbfbf637358d3d14ffb4,2021-11-02 20:45:28,2020.5424789190288
0xb3fa9f251269b234324e562737d251f698c03ef7,235059484283.98904,43.37549131343553,ELONSHIBA (ElonSh...),2,115.18129294152138,1.845298497338277e-10,0x4f96944ea027c4ff24aa2ede4c74341982f616d1a6bfbb4dccf27e9500d466bb,2021-11-02 22:11:56,1263.1049550946946
0xfaa6c12cdeb3a63085fd78644756566c69778c53,2491.2413,15.748046587027522,KillSwitch-P... (kTUK),3,3600.520389385805,0.0061021633446216,0x614abcc0ef4df748e21179f050968fa065b8abce489c93b3f944f35f9416f4c6,2021-11-09 13:38:16,31.3781019449234
0x7c32629b545ee7d68273c804f2f172049616c747,514430104.6083791,12.285603106540268,Ryoshis Visi... (RYOSHI),2,19.83886150173293,2.3881967630749266e-08,0xa48a6a198acad6a0a09e8cdb98fb69de0d33eb73432c1e8509ef695ece1088cf,2021-11-02 19:55:47,997.5266906365752
0x32918dcfb1bde0db5dc73ebf4efba5d728dfb6d5,12786516.725253,159.54047560762132,TristanChain... (TCC),1,4908.5327244602895,1.2477242945495348e-05,0x464ef2adbd25adc9fb195d0e7f3e2473973c1d0aec772357f9a03bf75124bc59,2021-11-02 19:41:30,867.7910203933716
0xc836dcc9c880d4558c301e6d439db1b1dcaf7f3a,1896257.6723857443,186.73873200979784,BNB Gold (BNB GO...),9,342.259656432267,0.0001144713797589,0x83400b5809b523319d66d3af95e98663dc2eb33d6b0a760e27cfc2b56fe70a7e,2021-11-09 14:11:13,11655.685742821544
0xd288af34b137a7b6be686374e24b201041e8569c,450000000000.0,2.903832133787235,DiamondDick (DIAMON...),1,2546.664892543693,6.452960297304968e-12,0x7337d2210446ff4b9b2822014f7666c32aa45313d46b8e653b683b2a9b532a53,2021-11-02 19:45:25,29.33311614394188
0x0637f2aa635a770b18398527daa7c133e98dc14c,1695.5300080712805,49.48592348286231,MoneyHeistFa... (MHF),1,26.215186880864444,0.0291861089141997,0xb3f23fe74dad98a8b77b251469fad31f0f3962976fb71d04c036f53fe3d46868,2021-11-02 19:45:34,2.043027639389038
0x414d1a07b9b29f1f7d8cd4fd68dde552be5002dd,22.423068995137896,0.1982818224599916,WILDLIFETOKE... (WILD),2,3.1032891258217137,0.0396040286842928,0x3b7214e0f10e85e5070400c17c577e8fd028544b16aa72a43465b63ff556017f,2021-11-02 20:18:00,10.739510498940945
0x33778e87931ea8ee5b66776201533e40ddde1267,697333691.1781392,2.2218647688843784,minitesla (minite...),5,3953.0476028591465,3.391403478707065e-09,0xd5453b988caa2a2493b9448d62bc2941b02d6057a13bc9f6a0335a9d2364749c,2021-11-02 22:13:30,17203.570384054252
0xc58d7e546de9214d54b52063f1601fd90eb1f84a,1153.1145012298248,148.55876388672542,The End Supp... (-30%Su...),2,3048.604128858053,0.128842097874478,0x05d851a4d63f21704b4343ea1a82dac698e01be6c5a16b348ac9f9287a810832,2021-11-09 13:41:25,2603.658503040672
0xcb368fdb5264a6c2bae1b270ec6a3ad3029c64c7,150000.0,0.0018310912337786,Hyperion (HPR),1,1.3179475228004571,1.2207274891857917e-08,0x645ea3382a19c7eb27a607d391d53e5306b0bbb9f7539ab620eb55e160a311ae,2021-11-02 19:56:08,15.407085858285429
0x959ec541152b77d34169e28a4a3de29d22a2fd85,714223779.9285933,85.48657177537109,Guardian Ang... (GUA),3,4499.530017239167,1.1894834253540469e-07,0x8c30a33a6346fa19d22644eb74e396c61f5a081f3cdba29c37d398aba8173839,2021-11-09 13:38:16,556.0305600166322
0x2a63dddd2c0ba10f465080a06563af3acb5d1d3c,1154.1912142065394,17.074676418052906,wWITCH (wWITCH),2,3653.018539408589,0.0147936288267374,0x561b416253a97f757c00937cd935280d63872ed05693fb418bcf86e63e8ecec5,2021-11-02 19:56:32,8.704957962036133
0xb16d8c2a78f2acd75a63b37e8ce6bccbbd8d8f9e,3160258.2286120723,264.4910661709532,FairToken Ca... (FRTC),2,5690.132224292774,8.369286603774832e-05,0xaddf8495a4c276db4332dd360fc6cde564ed50a4f3c29a6974aff82ec5fbbc26,2021-11-02 22:11:38,31113.119055802843
0x59c2b74604bc24d3522a686a573bad648661f9cb,154535000.01,50.68133518876694,Polymath (POLY),1,2164.0110379446087,3.279602367456391e-07,0xf25749f39532eb192187abb576ebeedd3373177c1e2e1c52361746277324dd4f,2021-11-02 19:57:38,145.07740306854245
0xfcac1a3ede7b55cc51e3ebff2885a67fbfe01a1a,726463374.0155454,53.45372534661078,InfiniteOne (IF1),5,4414.070977978346,7.358075748697955e-08,0xc3237bd0586aad3919d13b9c4b404218569e83e218ae2c978d14ba95e2393341,2021-11-02 20:06:48,1535.3703203367768
0x0b771e34526886d9fff8e764cf557d1cb5943c89,5000.0,31.24022856354713,Wrapped Comp... (Wcomp),1,618.131359138813,0.0062480457127094,0x286854a372d2d12189e6a971b5d4201e15e001046f69ecdc0c9aa6c7f9947f1c,2021-11-02 19:59:29,161.9544893503189
0xba35b4330d6bcbeeb402a8440ef41c005e8d99ef,11.0,0.0012226426460369,NFT Wallet (NFTW),1,3.2126965855208467,0.0001111493314579,0x322ad9fee9ef2d8df75d3dc364151bf45a1b54e9f88998c7d5718eeaa5faaa50,2021-11-02 20:03:17,2.131317377090454
0x5b69eabf1c748f590f60906d964158dba0f53285,1800000000000000.0,0.0012706502645378,Brigadeiro.F... (BRIGAD...),1,6370.030986451732,7.059168136321548e-19,0xe1a7972246c7873bd6d6f4d4073f485a91336ef7f8f89ef5edbe0b888f329fa8,2021-11-02 20:04:06,41.881966573964746
0x31e79a378fb85d8c4d51489e5c90ecaf9c17935a,226741818049459.7,0.0253924662006194,Whale Explod... (WHEX),1,8980.538785140327,1.1198845638205372e-16,0x822450de1af908eb5450322f589bbfb4efd87c00167e8a48891608e44eed943c,2021-11-02 20:09:09,1415.8341450691223
0x03031384c44e3fe060467418e0853e976f48df65,1080000000000000.0,7.152658989449075e-06,LittleCat (LCAT),1,1851.396035806594,6.6228323976380325e-21,0xb4e27506e7dee50cde2de7d6053a3bb30de7928413bc916b012000c4db0a171d,2021-11-02 20:12:49,52.74548828601837
0x322a9b99c772c7d31a0a4925edc120110b47512d,19267870000000.86,29.85374067008866,SunglassesDo... (Sungla...),1,342.2786591776388,1.549405340086233e-12,0xed1ef954d98c0479713c50dd8464297f8bfa93863fe2259c9f21cf200051e38d,2021-11-02 20:14:36,23.454647302627567
0xaff86ecd5390337124eb1c0dc9df5398d2e3a0e8,60103804.54906155,397.9446117834189,Seed Token (SEED),1,6804.336586062668,6.620955441490971e-06,0xbf7b639be51d432f9c104153fa0daa9c4147fa8db20c60b20e7abc89ccfc8ac0,2021-11-02 20:15:57,14.912717342376707
0x40986a85b4cfcdb054a6cbfb1210194fee51af88,312.1569697582741,11.385012315241498,UNIFARM Toke... (UFARM),1,1008.1251537030278,0.0364720746874809,0x0f330c81ed2e3325837aae3c9c479a16dc3fb4c008a26d91b445bf37a88a4d07,2021-11-02 20:17:36,367.23956656456
0x38a62b2030068e7b7a5268df7ab7a48bc6e396b4,52863155.27956243,143.67913342393416,Melo Token (Melo),2,3216.394729612562,2.2121473648439856e-06,0x1ede50c76f6b2cc76468ca7b5a048b01f1d86b5df9f47e71a90b141558e38a7d,2021-11-02 21:46:22,8639.530849049515
0xe60697d1f088826f7e03a313eee24b14ec869c4b,1000.0,0.0784534131526015,Chaathan (CHTT),1,35.28110086127374,7.845341315260157e-05,0xa2881335b0f82b808e794be277366009d01320052fc02cabe519d9814d8c1402,2021-11-02 20:24:24,7.0874562337994576
0xb656830ea5dff1eb1b2bd16df0f86c48b2b5f70c,5706000.0,0.0465171920023266,drop (DROP),1,2802.9507979614173,8.152329478150476e-09,0xc4c81ce18a06120e9ef2e1012ed105da007e16bdf73191d825bb1fb35fb6d572,2021-11-02 20:27:42,463.8695104122162
0xa998f797c96e6766c9bd679276499a693101e80d,100000000000.0,0.0401424106586105,PI Network (PI),1,13.201311448081652,4.014241065861056e-13,0x3f477980e15e6d50b6033daf5ab5031fe0ffa28013dd53fb6cf50196de233939,2021-11-02 20:30:36,51.17549651861191
0x2d2bb6cc040010583f16bb1c5afee129ed13b532,30.0,0.0046260553062893,MARSTOKEN (MARS),1,1450.194934023342,0.0001542018435429,0x227dcd8d4526157d6b4c4c34a83636c6d652cfb71cc9f56c9c3b54887759c276,2021-11-02 20:31:03,423.778466233518
0x5b27ba5a9a987a77cd62a435a311604ceb9957a1,95.36931857115472,1.2327079449844789,BFT (BFT),1,322.5834133251772,0.0129256239160895,0xdf6eb68ba32c2c806a50a6163775508dd66155a74818e3b6575facd2f4ffcee5,2021-11-02 20:33:39,18694.91381454468
0xefbc51baeab86186c0caddca5ccae20737669a46,7848357974989.617,0.2972883107091152,Red Monkey (RMK),1,172.0429751130473,3.7879045738800985e-14,0xaab9239052e666fe8757f2a84ccae8b31b6a8002337e24d0640f5954adfec45a,2021-11-02 20:35:42,8.067405557150778
0x2046954284c631c285b59e0919bcccd66b3bd289,281018920.91,11.965394599003202,FUDCoin Offi... (FUD),1,1550.3631839613863,4.2578608444786094e-08,0x6b501d5e4257b7a32a27494898f788822ff00e10cefc9a35d7636a9763a8f6f3,2021-11-02 20:36:57,8546.560845285654
0x3668a68140a103947c83ef43333fe4711d59ba9f,645.3603363414246,5.74988475565913,iCashToken.i... (iCash),2,18.261591879387872,0.0089095725780971,0x5ce13e5c6ba32475bdf299c91d7b1a21026805ac0db135dcdb04537b1ffc0be6,2021-11-02 20:42:16,5.341704726219176
0x86aefa44591c4e7fef4dbf64ca39e3e24cba3ef0,2955.815634031559,1897.44838940441,Pangolin (Pangol...),8,2483.524253659148,0.9407518089245052,0x514860104eb004ac67175fe444b26c4773bde2c88faede71f96d07e0c9ad6b5e,2021-11-02 21:48:37,31441.384574890137
0x4a37a2d3ec44f0fd7ddcf7c2d90749ddeefb6101,1352569612.4172366,1.3304105681686476,MOON BEE TOK... (MOONBE...),4,9.162808451207964,9.8361707667749e-10,0x702922624ba082fc77862cc3340b1dcd849eb24cac42e4d5f6f04c239d7108f7,2021-11-02 22:10:41,3.1338220555335283
0xeb9902a19fa1286c8832bf44e9b18e89f682f614,76744.0093204087,35885.16619933682,Staked FEED (sFEED),1,17.344664029606342,0.4675956666469574,0xb4393c5b16cc8f4fc83676d7359f8d9431c00521295c3c219faaf379ade88274,2021-11-02 20:53:55,1.5105258524417875
0x0406a5718eef9d5177fa3c295460c5cfc9994afd,88888888.0,0.7681789547338411,Black Inu To... (BLACKI...),1,1.6756696896023446,8.642013327175846e-09,0x696808cf2e6c862288f64064629c8300603fbabbc5c33de7e7f515e694d77552,2021-11-02 20:55:13,28.52412627264857
0x280c3fc949b1a1d7a470067ca6f7b48b3cb219c5,156.25552072067325,2.5715969294574186,Zaigar Finan... (ZAIF),3,3835.6273724854527,0.0164576388571542,0xc8a7801e2d9e19f342058fbff818317e28c7ea4e67322c9ce0e58ed46d1a73cd,2021-11-02 21:21:03,24343.295337677
0xc52ec11337e1fd591add3488e3b87de90b865e6f,2713.776112,2.3682828786524457,Falcon (FNT),1,6615.813730459495,0.0008726891169025,0x9858c9a9d6da4cd65e15e9fd4aaa3150a025e9424f84f5273d0387b24491b496,2021-11-02 20:56:19,430.4730529785156
0x0cc590000c9c54bc8791a66210f1fb08655d6d13,76580.67147944696,15.0371280581207,Remitano tok... (Renec),1,2.0390502668079904,0.0001963567016013,0x6647cb7449761f84c52421065304767326f517a48157d12e105d8591e2801d34,2021-11-02 20:57:46,925.7061588168144
0xbc2597d3f1f9565100582cde02e3712d03b8b0f6,8994.33,4262.671704067737,SIMBCOIN SWA... (SMB SW...),2,2828.268338185739,0.473928764462471,0x1dc8fea508e39bbaca28a3edeb6f4a3ccc1d303568a1dae820273c16411bb562,2021-11-02 21:53:55,8759.100586622953
0xd29eace1fcff9e9252b4a54f5cbe858ceefe959c,20479702300000.0,17.477501406148164,Dogelon Moon (ELON),4,2.2480437538669302,8.534060285704527e-13,0xaa0af7d30030a8182ae602bba0be03ee75a7ea4987157a7d59431b0806ebaadb,2021-11-02 21:40:25,1280.2999470732177
0xd631d33f2c3f38d9abdae08ebc0b69fa636e8ec2,20.14283609967266,0.7753589654019276,LovePot Toke... (LOVE),5,44.80489446195404,0.0384930384959309,0xf1e20067b990d7e5a6f331ff5088b021c6d8ace81ffe2f9264843f65ede12a0f,2021-11-09 13:53:52,73596.07238057954
0xb7b36ca86685af52186f1f9394e91d115a9da654,363022542542524.0,13.05920294492214,Hamster (HAM),4,180.1654067197215,1.2432846695130351e-14,0x0069298d43674a5bbdc1f3482342ffad52e99a6224014a0cb0f66d0806a0c0fe,2021-11-09 13:44:16,2543.042700041257
0xeaed1c1c9abc4096ca07247d570a5b34906c73d8,22147.471814573,208.0005412572351,PINTA (PNT),3,1327.0818263121496,0.0093916155757503,0x46cb8c0a60aced57b0e7f757ad75a006d092e97b03538840dca86780267fe3f4,2021-11-02 21:15:48,2737.731444150209
0x1f4105a5231e95bd087cc28cff30595346e1e07c,451386913.6710153,76.95727419227595,Hideous (HIDEOU...),1,420.2578626900108,1.70490707332213e-07,0xe4fac6a054e71f0dbe497515ad5dc0e4eef6cbb3fa13681d3953889489903ede,2021-11-02 21:16:15,2626.2211389979348
0x7919f52d0c820be87ab62459508808d29becf395,0.0,0.0,Saitama Inu (SAITAM...),1,1076.7175250219384,3.8752657854721465e-10,0x37bd0f879ed0cdf0796453620e7e2fc0094add0277e804284b91ea6c91a45e88,2021-11-02 21:17:42,1081.772935754238
0xf390fe56e4403d55f202037dc0bba9302e1dea2e,293488.0153255911,303.2580602430104,Sol Energy (SOLENE...),1,2443.898185318172,0.0010332894169684,0xa64ba344012654dfa2fd82d4bd49bba9832bda8de0594c68afb81dbab9229834,2021-11-02 21:19:36,156.83149337768558
0x7ad8ab13d5e276474220c30800586d6018b59761,3007843998450.6465,44.89957104184615,Arken Financ... (ARKEN),1,978.6627312736744,1.4927493269256686e-11,0xdd9df6fa1c2306c8507c15cd1c999c3d4a0ca8970963e187d59659f5ac2be672,2021-11-02 21:26:43,385.55452585220337
0xa45d3247164a0f4fc02264fc3ec9bc9512967043,240000000.0,182.31940885016232,MUSKCOIN (MUSK),2,8223.019262122552,7.59664203542343e-07,0xf04c65ffc85bd615e0e9ebb541b85166ab34dc947a6c76b5aada74bcdb31138f,2021-11-02 21:32:40,395.3986554145813
0x8e10f08c9a56a93b6adbfbcfda421919b3357596,1000.0,50.863231117956246,Wrapped GoBy... (wGBX),2,7867.789897319248,0.0508632311179562,0x55b24da3d74383bd659cf6281d8b1d891ad73fcce618d5260064bbaabd040ccf,2021-11-02 21:36:07,221.8692669868469
0xa591588ac622303c730a85eea4eb8c20fe7ef82a,126148185043.88644,32.598013988447065,DogeBNB.org (DogeBN...),3,3155.939695102286,2.58410487452565e-10,0x431221fdc939976b29d12e5f4811ee827a37cb270e951ce65f51ca6de9788aa9,2021-11-02 21:39:52,603.1261065900327
0x5a810fc02ae3c79299179e2c8dbb6f104a9ecc71,2545600000000.0,0.1489269454068784,DARK SHIBA I... (DSHIB),1,7.8893072497177235,5.850367120006222e-14,0x42d268d81617b9d06967e1e35ad6a4af82af3a2e72fb990d9866340b2a6e5bdd,2021-11-02 21:36:22,65.40002518691564
0xc2f9f26fea148c196557aa7440cd25945f87cdea,110.97236602592268,84.25612444609028,Collective (bCO2),1,7418.359424789723,0.759253203868866,0x11cf9c381cf7dadb590f6f1e7d3df77670d2bc9738dc7b3659ca2f0e6493f909,2021-11-02 21:37:10,124.49059104919434
0x0af45ae58cdb1aeaeeb2e2c4af53158513b89206,165883.92,452.42412506332624,veRabbit (veRabb...),2,1592.8913917019538,0.0027273537125438,0x9e77b977da81ae4f40128bbb43c013f30465aaca5e81721543642769f1608a90,2021-11-02 22:12:26,282.14303112030035
0x857dd3b493c49a8b060faf227d2b901e72621293,0.0,0.0,DOGGGO (DOGGGO),1,2453.1679297617693,1.0357351643008883e-09,0x95a360b1a1f54935cec931080d215641abe54b3090a0e6f2d659030c96cdff0c,2021-11-02 21:42:19,950.8034429550172
0xa158838838b1305e0ed9668eaac1762b8c515a03,65615600000.0,2.4723312460499445,MINIBUFFDOGE... (DOGECO...),3,311.7692308643386,3.767901605791832e-11,0x0eabb72171903d1cb9de5f73fea27fedb3752882bb3b1b7784d6cc99edf50b34,2021-11-02 22:03:29,2176.2836787104607
0x34195fd824355aec1bdceea97697b35be691bcb3,339268.288248102,497.4245968598997,BSC Gold (BSCGol...),3,1193.8048213001389,0.0015117440087836,0x4ee9ef53c1b266a098837076bbba33ecc6e1b228a09485119acd5f1d8f204de0,2021-11-02 22:14:39,62507.742558202604
0x276902e0c3d53bf5559d7d6177ef4834bc72e175,2396.1016578465665,0.0258599933917292,DORY SWAP (DORY),1,747.1854996786983,1.0792527648835338e-05,0x994dd6533ef87cee10872c5f92f46ae03f4c8d3ba0346c55fdc3e47b15060bb0,2021-11-02 21:46:58,4.540084838867188
0x018f49822d593f88843777e0956af74c87012219,3762.0,489.8640026206335,DNF (DNF),1,426.0732359343581,0.1302137168050594,0xcea654a0e8cfbd36a44fdbc00e667a26cce1481deed0155ad3eae7988d77fb1b,2021-11-02 22:00:52,219.55189871788025
0xcf572ca0ab84d8ce1652b175e930292e2320785b,319.0,0.2151771632997278,Duino Coin o... (bscDUC...),1,488.6025019710352,0.0006745365620681,0xef592b6e23b533b3b04af73a223ee77b36516d5c7f72bede69ee6fc3c91fc35e,2021-11-02 22:00:52,36.80857889354229
0x28fe499ea2c46fa1900fbe6d7862e76966a32743,83379.95426101034,0.4236285601624733,NANP (NANP),1,141.19003256252046,5.080700318404566e-06,0x9e77cddbac39a0e966e731a81102826d3209432e34b46d4e6e599837941be6a1,2021-11-02 22:04:05,43.74786925315857
0x11881509b8dfd9490299bff7d74696eaf36d0194,447445.4511170001,415.2450007634976,Arcade Coin (ARC),7,616.0883919895994,0.0009274382609874,0x5f63a7e482c06bd76e2d7ca58927b56b2979ae6c192967036572146d72f9a3c3,2021-11-02 22:04:20,330.78769278341497
0xc1c9b033c0e929969b2305f14cf521ccaf4a73b6,166865523124701.38,7.456539598583014,Big Lion (BiG),1,594.8515804529759,4.468592108754915e-14,0xf3202847bb7cb16e9cdfaeff2534decf791b5ed8a85a748af23a89a684ee0e81,2021-11-02 22:14:45,1636.0793812796476
0x1515350afc840e088f2c59d27ba04c2479c2062b,98.01242236024844,0.0827006416433182,Poop Token (POOP),1,166.5592483090866,0.0008437771422417,0x0fc86b2978bff63548de20ba20061060086ba3b96dc7f545fe6ee692ab8911c7,2021-11-02 22:14:54,12.514397621154783
0x3f8fe3bd07ba829c561400e29194891f4f8ac1b2,58359967184.8245,1.0562733296742823,Catcoin Mars (CM),1,14.660646075333275,1.809927901996744e-11,0x77d4df824bf472c4cd17a68a13a8ba13706c38566e0da6b4ddc6f28ec365d308,2021-11-02 22:20:24,3458.493392150849
0xc1cd1fc18fe1ec87a24f2858cac493cca86632c6,581.0,11.505833385512233,BB Coin (BBC),1,10.935693577609914,0.019803499802947,0x4a39923cefebeabe0ba012fa4013b4d68636705e79a3eeb685888e88f6d08d48,2021-11-02 22:21:48,2859.8700256347656
0x6afa0413a80441b5d8936316cbca7250c4fc785e,200000000.0,3.835918846387965,Baby UniSwap (UNISWA...),1,26.32829638346784,1.9179594231939826e-08,0x0aec7ddbd3a63b864ed5f89da88bdd005faca542990bbc7f1981c6baf1e40a9d,2021-11-02 22:22:00,18.51533031463623
0x46907ef3cd4153b17a273cfa55d6fe8561b1c1f0,11.1357,5.277914518915232,Torch Token (THT),1,205.69322269501504,0.4739634256414264,0xf53910c61c4b15fdc5d89ada841da169c5a01535c5e7360a4c0950a63924a1b6,2021-11-02 22:26:39,341.930668592453
0xba52290f804c36e31ad0a93b28c0125587fb213a,74.0,32.37065541744232,Ant business (ABS),1,110.48026963451422,0.4374412894248962,0xd53c7f46eb1b54c67cbf2463d0df1e022323fded123a17cb363094ea0dc31dba,2021-11-09 13:28:47,843.974214553833
0x376c0833f140cb25fea063ca38c4f7c4bf0789c9,200000000.0,0.1828854985380934,Baby Akita (BBA),1,2.950796709591729,9.144274926904671e-10,0x5317b478acc30b72dc56da605e2675fe457403530236f5d68d568560c00db2dc,2021-11-09 13:33:28,149.3492358457297
0x9f0b91e4ee5aaf23f257782dedec19dc5cdbd11b,9.0,0.3245090526510655,Cultecoin (CULTE),1,21.1008452290954,0.0360565614056739,0x94bcd93878f54238cfe4a2b6d3e89709914def3984f54f62279297aef453b486,2021-11-09 13:34:14,29.508838653564453
0x1b0d8c7dfcdbf0190640c568d90856daee8c8146,250.0,0.6280995163328217,POWER ABILIT... (POA),1,4.631587029484138,0.0025123980653312,0x8932a9c60be5c483cb2249148ff416ffcda7401ccc4863c57fe0179392a38ad7,2021-11-09 13:34:54,25.597168803215027
0x906f5623de836f9dc4219154e5cdb7e8e991117b,45770441344.0512,9.076902589566604,SoilDog (SDG),1,7873.876965694044,1.9831363480497288e-10,0xcf8ceb2b5232130f0a3861430b727c5775a595be2426a342c931ed8be4343103,2021-11-09 13:35:22,28028.469794094563
0xf4308ae29c84238f3386c01d3cf6266ac6939ade,131458.60927152316,8.266938596396068,Lazymint tok... (LAZY),1,5447.33693039795,6.288624717853963e-05,0xf6d7471a58e3e7f28084118468f4c1c7f67609f2cf4f36d38557a2efc51fbbbf,2021-11-09 13:35:39,4892.370029449463
0x589bc319f9eb4a235a4723a66f3fa65e828efbbe,139942177662.4391,49.29630324845815,Hokkaido Inu (HOKI),1,3439.772546469627,3.5226194183834976e-10,0xaa8b5de36e46b00335ffc4b992fea68b62c10bb4fdbc646ada1920dde37431dc,2021-11-09 13:37:19,346.97946643829346
0x86ef5e73edb2fea111909fe35afcc564572acc06,504.2560783726766,21.422172286766465,BananaSplitB... (BANANA...),5,1.2731217347448232,0.0424827249597061,0x36e3823a0339b96f6af5b0dc1710de43fc5757f4bbceb3bad5e1d5768d541ffb,2021-11-09 17:20:04,37.932157054543495
0x57c56665b2bcdf3cb86e40a9d3dc21f5b0aed7ad,8819366000.0,11.251198126451875,EverMars (EVM),1,232.44282281206475,1.2757377487737642e-09,0x1d5ae3e96e23ceff6f1ddaf39cb334651ffd6605715fe4e89e071e511e0037d5,2021-11-09 13:39:55,19915.961255069124
0x4d864e4f542b4b40acb3151c9dad2e2c9236a88f,1000.0,0.9830236150094565,Token X (TKX),1,1.049112019705924,0.0009830236150094,0x98d67c4e349fbf66be4eb7892b66838f104a87ae8b0c7f8a4ef04200502ec4b5,2021-11-09 13:40:31,2328.024642978795
0xe5948fcf982fb720ba1578c70527ed28ed549486,5127248.0374,95.92711424693331,BABYSPORTEMO... (BSGO),10,4190.1150066136,1.87225515200484e-05,0x358c0d083beb95e742c7c948ee4867787a6ab59d1ba0f16deba5db88746edf30,2021-11-09 14:11:19,3441.170336723328
0xb89add4a17eadb084a065f9cace752a268dab8b3,10001250000.0,1.0656935877230844,ZETBNB Token (ZETBNB),1,226.3085397465012,1.065560392674e-10,0xaaf18dd267c165c5122f26ad64539f2039a01b48f7eb04f5d05b4bf3d69a2332,2021-11-09 13:43:46,77.05679383128881
0xe27362da6fb53b31ce330d6a9a71739b68df6e94,795.6790585346241,3.25618225128395,FC Porto (FCPOR),6,447.7673345841344,0.009934779731354,0x8eaeaca5172d688edfab16b8b6661a5503a625388bcf183a9bec90f660df5b50,2021-11-09 14:08:58,589.2456243433408
0x7fea7a3d15518065f0bc28e0fbef3236fb7534fc,1890871.2286503832,0.2182637861321722,MoonRatX Tok... (MRX),1,1204.058740117095,1.1543027511606853e-07,0x6a2fdff1e769bccb29f6c5561396f995af7ab68ce3ee0afe6b71dafe548bb0c7,2021-11-09 13:47:04,67.20873892307281
0x5552d17c763e7b15a11184b4df93764e38459cc3,1060.033302,305.3127619445351,eros endless (EEL),3,3529.55278936088,0.2880218587175435,0x7803fe4657e1f8d326c7e39e8f54b035397b6d91f56cf8c56847cda9ec31f953,2021-11-09 14:05:01,12775.297508001328
0xd54add3414f57c47cd8103cc588b7c1e36e53eb2,491671.7378666667,1.2549075238380458,UNICORN CAKE (UNIC),1,2336.766452647431,2.5523279602830376e-06,0xd8f7041422e1926e3629999d6bca88bdde0abacd42aab59d70d9c90789811864,2021-11-09 13:51:07,18481.76241214573
0x413561e212de90a870debf83ae149f307ec2ba45,12533097.8,39.94993850256154,SingleDoge (Sdoge),1,7215.541943518118,3.1875549955862896e-06,0xf40f5f3007701d0da70ce26a76e96476d5ac398cdaf8b19bb9d514ce5dc3625b,2021-11-09 13:51:13,395.1039135456085
0x23745f2f0593439deab79e1d89f3738e67c18205,20951245976.67574,204.2428261257368,SHIBA JUNIOR (SHIBJ),1,6437.299030197829,9.74848113344251e-09,0x97425b1ad553ce7858bc24226ae81cdff65cb1b609713d9236a7297eb1ab71fc,2021-11-09 13:56:28,5338.741101026535
0x1a29770f8db6366cf2011cb2c412d9bbcd86cc4f,10.0,4.783290493852997,Bzzt (Bzzt),1,8966.349130863046,0.4783290493852997,0x81be9ee8235d46fef47643fb04845151cc0a2dcfabe7337e6bbffdc8db6b2766,2021-11-09 14:03:37,205.6405769586563
0x359318a353b53a0ca8847815a769d398e2777dd2,240.0,7.259070575237274,ccFOUND (FOUND),1,142.2840919486384,0.0302461273968219,0xa00988ce2d72fcb5b1c779903dda8ce709141e62c5e6b7f978a3f30c27f59787,2021-11-09 14:07:46,4317.036656856537
0xd3a13f8ba5121d896a4b4f41878c04d83f5ac0da,258.781357103,6.644787515786787,BabyBoo (BOO),2,9642.316332436863,0.0299343913774319,0xeb8eb13b408c0347e5e995b7a1a571efbbf0bffd9cb961406464211a508dca06,2021-11-09 17:19:22,232513.0364226848
0x2fa80212cb11751bc07c243089ff2efc4ea4194e,5000.0,0.0001698589002785,SafeMoon Elo... (SME),1,2991.673291476392,3.397178005570822e-08,0x6be6bea7d0edb9be3b109c32372b23ec8ff468738f5c8af2718c5485844c4dc8,2021-11-09 14:12:19,11398.513014579192
